{
  "eslint.config.mjs": 1774967239.1333065,
  "next-env.d.ts": 1777665391.378568,
  "next.config.ts": 1777131044.6843967,
  "postcss.config.mjs": 1774967239.1590295,
  "prisma.config.ts": 1774974158.211185,
  "src\\auth.config.ts": 1777131044.6997738,
  "src\\auth.ts": 1777131044.6997738,
  "src\\proxy.ts": 1777131044.7058983,
  "src\\actions\\auth.ts": 1777131044.6893904,
  "src\\actions\\posts.ts": 1777131044.6893904,
  "src\\app\\layout.tsx": 1777131044.6980488,
  "src\\app\\page.tsx": 1777666452.1977947,
  "src\\app\\(auth)\\login\\page.tsx": 1777131044.691541,
  "src\\app\\(auth)\\onboarding\\page.tsx": 1777131044.6925428,
  "src\\app\\(auth)\\register\\page.tsx": 1777131044.693542,
  "src\\app\\(auth)\\verify\\page.tsx": 1777131044.6955435,
  "src\\app\\(auth)\\verify-email\\page.tsx": 1777131044.6945436,
  "src\\app\\api\\auth\\[...nextauth]\\route.ts": 1777131044.6965406,
  "src\\components\\home-page-client.tsx": 1777666452.1977947,
  "src\\components\\session-provider.tsx": 1777131044.7017756,
  "src\\components\\theme-provider.tsx": 1774991009.3802457,
  "src\\components\\ui\\button.tsx": 1774974158.2119107,
  "src\\components\\ui\\card.tsx": 1774991009.3815966,
  "src\\components\\ui\\dropdown-menu.tsx": 1774991009.3815966,
  "src\\components\\ui\\input.tsx": 1774991009.3815966,
  "src\\components\\ui\\label.tsx": 1774991009.3815966,
  "src\\components\\ui\\mode-toggle.tsx": 1774991009.3815966,
  "src\\components\\ui\\scroll-area.tsx": 1774991009.3845,
  "src\\components\\ui\\sheet.tsx": 1774991009.3845,
  "src\\generated\\prisma\\browser.ts": 1775217124.0473735,
  "src\\generated\\prisma\\client.ts": 1775217124.0473735,
  "src\\generated\\prisma\\commonInputTypes.ts": 1775217124.0473735,
  "src\\generated\\prisma\\enums.ts": 1775217124.0479748,
  "src\\generated\\prisma\\models.ts": 1775217124.0479748,
  "src\\generated\\prisma\\internal\\class.ts": 1775217124.067563,
  "src\\generated\\prisma\\internal\\prismaNamespace.ts": 1775217124.067563,
  "src\\generated\\prisma\\internal\\prismaNamespaceBrowser.ts": 1775217124.067563,
  "src\\generated\\prisma\\models\\Account.ts": 1775217124.067563,
  "src\\generated\\prisma\\models\\Comment.ts": 1775217124.067563,
  "src\\generated\\prisma\\models\\CommentEditHistory.ts": 1775217124.067563,
  "src\\generated\\prisma\\models\\CommentVote.ts": 1775217124.067563,
  "src\\generated\\prisma\\models\\Community.ts": 1775217124.067563,
  "src\\generated\\prisma\\models\\CommunityInvite.ts": 1775217124.067563,
  "src\\generated\\prisma\\models\\CommunityMember.ts": 1775217124.067563,
  "src\\generated\\prisma\\models\\CommunityModerator.ts": 1775217124.067563,
  "src\\generated\\prisma\\models\\CommunityRestriction.ts": 1775217124.067563,
  "src\\generated\\prisma\\models\\CommunityRule.ts": 1775217124.067563,
  "src\\generated\\prisma\\models\\DirectMessage.ts": 1775217124.0695717,
  "src\\generated\\prisma\\models\\Event.ts": 1775217124.0695717,
  "src\\generated\\prisma\\models\\GlobalModerator.ts": 1775217124.067563,
  "src\\generated\\prisma\\models\\Media.ts": 1775217124.0695717,
  "src\\generated\\prisma\\models\\ModLog.ts": 1775217124.067563,
  "src\\generated\\prisma\\models\\Notification.ts": 1775217124.0695717,
  "src\\generated\\prisma\\models\\Post.ts": 1775217124.067563,
  "src\\generated\\prisma\\models\\PostEditHistory.ts": 1775217124.067563,
  "src\\generated\\prisma\\models\\PostFlair.ts": 1775217124.067563,
  "src\\generated\\prisma\\models\\PostVote.ts": 1775217124.067563,
  "src\\generated\\prisma\\models\\Report.ts": 1775217124.0695717,
  "src\\generated\\prisma\\models\\SavedComment.ts": 1775217124.0695717,
  "src\\generated\\prisma\\models\\SavedPost.ts": 1775217124.067563,
  "src\\generated\\prisma\\models\\Session.ts": 1775217124.067563,
  "src\\generated\\prisma\\models\\User.ts": 1775217124.067563,
  "src\\generated\\prisma\\models\\UserBlock.ts": 1775217124.067563,
  "src\\generated\\prisma\\models\\UserPreference.ts": 1775217124.067563,
  "src\\lib\\mail.ts": 1777131044.7027724,
  "src\\lib\\prisma.ts": 1777131044.7027724,
  "src\\lib\\rate-limit.ts": 1777131044.7037733,
  "src\\lib\\utils.ts": 1774974158.2119107,
  "src\\lib\\validations\\auth.ts": 1777131044.7047734,
  "src\\types\\next-auth.d.ts": 1777131044.7068973,
  "README.md": 1777131044.6843967,
  "docs\\database\\er diagram\\AUTH & USER PROFILES.svg": 1775233087.0636246,
  "docs\\database\\er diagram\\COMMUNITIES & MODERATION.svg": 1775233087.0710678,
  "docs\\database\\er diagram\\CONTENT & INTERACTIONS.svg": 1775233087.0802042
}